{"cameraMode":{"drawMode":0,"name":"Shaded","section":"Shading Mode"},"sceneLighting":true,"audioPlay":false,"sceneViewState":{"showFog":true,"showMaterialUpdate":false,"showSkybox":true,"showFlares":true,"showImageEffects":true,"showParticleSystems":true},"in2DMode":false,"pivot":{"x":-8.024222373962403,"y":7.49070930480957,"z":0.004828166216611862},"rotation":{"x":-0.00021115955314598978,"y":0.6929802894592285,"z":-0.00022802276362199336,"w":-0.7209784388542175},"size":7.085261344909668,"orthographic":false}