{"cameraMode":{"drawMode":0,"name":"Shaded","section":"Shading Mode"},"sceneLighting":false,"audioPlay":false,"sceneViewState":{"showFog":true,"showMaterialUpdate":false,"showSkybox":false,"showFlares":true,"showImageEffects":true,"showParticleSystems":true},"in2DMode":false,"pivot":{"x":-0.7243852019309998,"y":3.277536153793335,"z":-0.19191686809062959},"rotation":{"x":0.14001543819904328,"y":-0.6068433523178101,"z":0.10968119651079178,"w":0.7746775150299072},"size":3.7801525592803957,"orthographic":false}